Year,JAN,FEB,MAR,APR,MAY,JUN,JUL,AUG,SEP,OCT,NOV,DEC,Textbox5
Average,16.16666667,41.66666667,45.66666667,22,32,15.5,385.6666667,29.83333333,23.16666667,51.5,51,20.33333333,
2016,27,67,,,,,,,,,,,94
2015,0,53,103,102,42,0,322,78,66,112,85,0,963
2014,0,28,46,7,44,34,400,41,0,75,46,65,786
2013,16,19,47,0,14,39,335,15,15,29,51,16,596
2012,14,26,30,23,48,20,300,39,10,0,0,23,533
2011,37,109,11,0,44,0,246,0,9,31,58,0,545
2010,30,15,37,0,0,0,711,6,39,62,66,18,984
