Year,JAN,FEB,MAR,APR,MAY,JUN,JUL,AUG,SEP,OCT,NOV,DEC,Textbox5
Average,3078,2968.333333,3837.666667,3118,4104.333333,4010,4694,4126.333333,3808.333333,3364.666667,4205,3160.333333,
2016,"4,438",,,,,,,,,,,,"4,438"
2015,"4,119","3,959","4,802","4,160","4,291","5,164","5,862","5,424","4,821","4,821","4,718","4,221","56,362"
2014,"3,079","2,814","3,654","2,651","4,951","4,144","4,981","4,369","3,751","3,949","4,279","2,927","45,549"
2013,"2,036","2,132","3,057","2,543","3,071","2,722","3,239","2,586","2,853","1,324","3,618","2,333","31,514"
